ID,Rented Bike Count
0,595.5094355323535
1,272.20917840745494
2,840.5923794084484
3,797.2717572202511
4,57.33309326432328
5,69.81248361761243
6,1508.3138986488093
7,1096.4963876734764
8,9.578545112979896
9,1466.7439514907824
10,-679.6744821216814
11,713.356825743189
12,590.5697133531122
13,1073.077681386274
14,607.2678752908878
15,1054.6568189564805
16,439.77381976952836
17,611.9717715548753
18,296.39860545906515
19,567.0155623681475
20,1499.4518580187578
21,1325.5841908059488
22,460.45344977484285
23,703.4513636350101
24,242.50997484396214
25,1281.6427025271269
26,1038.857036735265
27,312.6643564877662
28,111.19035996738916
29,918.5341900606442
30,713.8025607447686
31,1297.593187977443
32,1213.871842413554
33,607.5890190583231
34,722.8021245625838
35,1135.9320105138654
36,275.96563847422044
37,1166.678035459281
38,617.6865206387718
39,104.34286806569457
40,833.8588272750336
41,1477.99954754268
42,343.54505637966656
43,991.0943391666634
44,99.93082070882792
45,1124.9080073736636
46,1074.953430382789
47,397.93684134231114
48,486.4665973646861
49,423.5646889239739
50,193.15655804282005
51,448.17543959714374
52,248.74347792963738
53,6.963688872110993
54,-233.41060586367786
55,1176.5903880400892
56,733.1770133405122
57,885.8195935139198
58,702.7475356041118
59,141.50780406045834
60,-15.30606223693195
61,-196.58495525703205
62,291.39800271016895
63,482.44498498874157
64,193.54761226151584
65,656.6897603731875
66,691.949600894018
67,423.4555885059881
68,609.1119381095438
69,795.0323152631737
70,126.69680005319958
71,582.3777085184643
72,1205.0664765689485
73,1153.799069257279
74,733.4137199985108
75,-540.7075830511591
76,499.39781551967883
77,-174.80867718406677
78,894.8297928776848
79,564.7166652431011
80,760.1110072879829
81,-16.78889119520784
82,-21.283702160015253
83,1036.4299429406565
84,758.731060522644
85,597.1318140873383
86,1164.8678925215386
87,-648.8349646588086
88,862.2711158606359
89,375.1199459039709
90,729.3403858079201
91,981.3434749808126
92,838.9009951740824
93,1512.051171103887
94,897.9000236278968
95,690.3118570515411
96,711.6958723762331
97,101.74391807355823
98,-775.0742253023351
99,1252.1588726392856
100,611.6638274077912
101,386.99854767167096
102,528.489790941948
103,692.7200266169
104,-171.14671502525584
105,-734.3298174339393
106,685.5634974636223
107,173.25977107329328
108,561.3567494031921
109,733.6806150678059
110,1154.8292729253722
111,250.96865514914055
112,230.86254847237126
113,1014.5073808172752
114,-133.93592200557043
115,686.6561704578927
116,384.04395731505883
117,802.3268606504395
118,652.0452903726122
119,100.92697985090155
120,1231.4313171093308
121,1478.9558621078677
122,549.378271630115
123,117.38176692101035
124,624.952970957589
125,1381.5505919581897
126,691.9113292006093
127,300.0091015312952
128,807.9966524718153
129,2.2986463259726406
130,293.7267550336327
131,802.9850000614962
132,889.6846400872734
133,281.4936632112298
134,376.2650514874042
135,1548.9448010881783
136,1015.3657123911186
137,256.1023567288464
138,500.20596273046283
139,1380.1449616837417
140,1181.5580123834707
141,1069.8853037338208
142,-157.00816548293034
143,650.8277247949388
144,702.3932384291473
145,149.11527567244696
146,256.4265169307565
147,544.6325981033204
148,571.4933856548001
149,-178.39430946186548
150,1020.2610660575516
151,573.4581352535146
152,33.01430760184519
153,417.86642166411673
154,1463.663409274891
155,430.81554673113806
156,-94.5752979109891
157,-450.52160597527416
158,901.4241014395781
159,807.8226695280301
160,16.288914164530183
161,143.12071174593007
162,1481.2748743493758
163,1198.9203826833964
164,-295.9617727337714
165,750.722626135475
166,503.98950539522355
167,811.6668377422944
168,1515.0841005988636
169,-308.89113581971395
170,488.31201876646344
171,1312.0115878451988
172,342.93711111208484
173,828.218445496124
174,308.1681825224232
175,-37.664163585145275
176,1500.8288137660325
177,587.3238053838585
178,447.2957371835986
179,995.0029320629393
180,670.7994268496841
181,291.60931566983174
182,1114.6443481058695
183,995.2209110081232
184,66.83738208438842
185,369.1163702640073
186,539.6926536474008
187,-32.06285917926931
188,903.2680199697899
189,211.48202151142561
190,975.1509796684476
191,261.8313503333029
192,601.0291435077418
193,846.648220003949
194,157.68552051641626
195,477.2634238225352
196,797.8998719919683
197,919.4922930095087
198,-161.06970417950254
199,-286.82734578407735
200,303.24134018375514
201,803.6103168217547
202,442.4690504527589
203,1172.3388510802934
204,731.2098036900621
205,989.4373418723527
206,689.3789383780978
207,494.52831565129236
208,252.92179314850512
209,826.9445999983844
210,761.2557325013942
211,207.85661664513896
212,1002.1149557734426
213,638.5130252603229
214,268.2706107293567
215,683.3643109058123
216,1205.1181135745892
217,557.7462051334004
218,430.8882204882119
219,568.3099706812274
220,907.0025666605767
221,1160.9469359733034
222,736.7907228861694
223,862.7268003354897
224,1434.6292311203583
225,443.77326094596253
226,991.9565585607658
227,716.1601155156587
228,571.4935506243153
229,-28.887107543376203
230,1213.799466214924
231,255.27575088700632
232,268.71965227737655
233,691.2254073345607
234,997.1287316225668
235,336.58644206321776
236,-164.28672753355602
237,-19.734861667995688
238,265.9078361883735
239,862.1433600508045
240,37.78136594426371
241,360.05187225359794
242,-267.6375141634157
243,861.7046257007388
244,-605.780001012446
245,1092.6602014208283
246,56.429509080259265
247,792.9313722314324
248,790.3326287881697
249,581.0564196843734
250,-570.7692954240795
251,632.4185179592059
252,-20.5021091580428
253,-4.76785959183411
254,-662.559671742086
255,164.2103337668562
256,982.8212758907144
257,815.6186464325557
258,1128.124189036108
259,482.21240624162726
260,266.76773311331624
261,798.3616680751423
262,485.4336946024615
263,752.9084193540683
264,530.891281244679
265,-24.005008996959077
266,829.367672097674
267,4.630416028721811
268,768.4282641808578
269,83.2317004118047
270,955.4952873114897
271,443.03841230976093
272,1353.3089732134695
273,282.13035523761175
274,1143.8226135985424
275,219.0947708298802
276,124.47683976589644
277,234.34495716996685
278,990.9185713792778
279,477.62321663202545
280,477.94119368977215
281,84.21384701338707
282,445.5164013605229
283,1602.6987260872356
284,823.5925348874968
285,723.2584698943675
286,118.58697571496191
287,1184.8190403537492
288,817.1552113736803
289,1650.8566999872328
290,983.0257102630777
291,95.9287049370181
292,291.1088430307469
293,561.6780557044195
294,716.0252839840756
295,117.89139269214553
296,1363.2778706367917
297,1178.6398019547137
298,870.5552489732437
299,1009.3605559970002
300,1035.5803524663029
301,681.1917690061596
302,1128.7240177599538
303,368.74181669889356
304,859.7922759819686
305,1354.254878090036
306,22.985058144360607
307,1102.8471026932111
308,-695.8567458923229
309,415.9172680787682
310,1617.6812338094264
311,591.8469837808962
312,424.8263691080889
313,871.9895796873371
314,-501.6343156178544
315,1209.9248779755044
316,-189.1505084991968
317,909.7860877092868
318,535.6747833533287
319,1470.6791881171553
320,439.3334168329319
321,956.3121476764612
322,1473.21688249844
323,1329.7875056595735
324,-588.8564520876826
325,-277.26043454302254
326,896.4727991790338
327,1104.8287242181304
328,1147.7635743090905
329,669.6583113058795
330,1002.5155740215024
331,856.2311263120861
332,534.1984812554437
333,-232.7274929078979
334,742.7680636632091
335,498.12798820781893
336,-783.3960921056009
337,93.34844818643171
338,686.7451291782678
339,879.7393970410823
340,44.31001019667292
341,1075.1751711930497
342,864.9190144634478
343,279.8186989648966
344,1065.793914837634
345,-52.73202630686825
346,644.0492584219862
347,537.721734701484
348,1079.213205960049
349,651.2432885743065
350,462.95363152453615
351,804.4672871757181
352,1199.5843416083012
353,1413.975845906888
354,1140.9930292936733
355,467.91419282133563
356,210.54549130790008
357,113.04467084477028
358,687.3354438454799
359,565.225710454324
360,119.93489949106305
361,-360.3886813021157
362,102.21538749876066
363,-20.383116598787524
364,950.2178655384909
365,147.65059109849426
366,192.63374779409713
367,-75.84623428074394
368,615.5899453922538
369,274.8880725256731
370,1146.954336547015
371,528.8665439706219
372,868.7423508582152
373,98.99274749755926
374,1046.1060670689758
375,-116.48911877963639
376,940.1113355582789
377,204.40175128703925
378,923.5761933920115
379,199.46644895803217
380,18.449134458499486
381,881.2841980747663
382,809.6303078204825
383,1628.473688512007
384,930.7510430988294
385,-58.84265262970246
386,241.6576615638885
387,33.00672429030146
388,1363.8310730188118
389,749.0837279289359
390,516.7225990354929
391,667.1101538016692
392,856.4163340659217
393,799.3420002287895
394,803.5487249655263
395,205.8809226046576
396,662.1410500043213
397,1126.6005235413595
398,916.9385408603563
399,-45.44891253677997
400,986.8384880781888
401,526.7556962894247
402,377.6228804367978
403,388.10068789970285
404,771.6717858331291
405,672.5282344436981
406,197.39593988868603
407,1133.7507856740167
408,1083.419612159215
409,706.8833632262132
410,885.2445166368899
411,590.2931750307465
412,74.96453615277915
413,30.691757040252185
414,661.0027403098024
415,540.3031439808616
416,804.278734470946
417,-357.15531188783774
418,168.6157756036239
419,-363.8402366673175
420,8.305380761033916
421,578.0434379111772
422,1181.6882061101423
423,200.3909943040003
424,476.71628647771627
425,-422.16868642239615
426,1303.6713482562027
427,276.6777010931079
428,11.334242925091644
429,1690.4162482942297
430,769.5287952385617
431,431.41638521875404
432,709.001444383117
433,701.7573221239645
434,565.0889786466788
435,604.1695601013581
436,63.9662604711167
437,431.4342407954683
438,903.1058495599883
439,52.44079940735992
440,70.23893340463474
441,462.6139376325076
442,636.7549094201748
443,32.49531005694075
444,1149.301767649505
445,1106.6105587839584
446,131.58074628906826
447,-122.64432151035828
448,927.762785966937
449,402.8415802351186
450,770.5059691612765
451,727.7635417346584
452,730.2236567068275
453,753.1642665589176
454,271.33098652681224
455,824.9743975885982
456,222.72986476592007
457,1413.610833666446
458,-449.7906699917925
459,1626.4805021037823
460,1576.1645917399605
461,797.4485536206297
462,858.9285354018747
463,1160.9625535259006
464,783.9182359063763
465,235.634222292838
466,-541.9542126222832
467,966.0614039274075
468,893.6443691877977
469,1214.9063334223652
470,67.59875518293461
471,927.4355894971592
472,864.3342876948724
473,687.6262897301094
474,746.4001884152636
475,533.1551859711996
476,1119.598990079408
477,-25.211753728005135
478,-0.4126276527827031
479,1334.47306006722
480,100.1528288876795
481,323.4032694243664
482,1099.9798387084184
483,488.5371840763107
484,1081.9002701552486
485,70.55924020617874
486,279.1428174530628
487,674.2329180604945
488,110.28339401850172
489,-202.3466428029688
490,1122.9235411162372
491,880.9351118887097
492,-20.928638147347442
493,583.8643615970992
494,804.4116354870315
495,871.7285346707814
496,1269.2098723485637
497,699.1320160057821
498,1056.8034305022447
499,346.5577853360712
500,-36.03146768527074
501,1115.1296384059174
502,108.83537794046799
503,1150.4420845444552
504,621.900641206821
505,1230.6645963171645
506,-14.540149185369273
507,58.92529609774664
508,816.27423136807
509,1219.8322391642369
510,627.1667025121247
511,480.57124178575543
512,-13.880948397324516
513,1481.2187204117922
514,334.48156699354365
515,-346.38034470354916
516,119.24449407976272
517,1105.4311043806001
518,402.0936385810163
519,1239.4733556651026
520,1165.9941296782417
521,453.8026972990989
522,1151.4468041391588
523,387.5535727597522
524,283.036961447454
525,781.4143480286576
526,567.779184121278
527,102.04011728897166
528,507.27973434403054
529,494.24905600498766
530,1499.7408034125847
531,584.309912655456
532,552.6663385612801
533,1171.9793459824677
534,472.4442170129058
535,857.4915336215382
536,737.6285093180301
537,49.32428428539987
538,126.46763676810798
539,687.5692658290324
540,712.6328557993519
541,373.19889195453175
542,1147.747130559345
543,43.12405959692887
544,455.74994063749034
545,659.9814608999042
546,1087.616589827861
547,1149.374799126413
548,820.490034841299
549,901.100601328295
550,-277.5543212484261
551,833.2234132728437
552,637.7215468089232
553,852.5161746897217
554,482.09999202075653
555,879.9738167616848
556,278.18390433993216
557,814.3515262664024
558,733.6762472502134
559,856.3553032060826
560,243.75828836366588
561,778.4004501016076
562,1155.1697626109044
563,288.3333703065839
564,396.6786896557493
565,1517.1266884830916
566,92.9132540540894
567,119.3218527940312
568,-766.8821739643396
569,1418.3779242125147
570,318.56182881434836
571,562.9022556007199
572,-343.36879720072005
573,662.7533841390034
574,694.0530774765664
575,940.4185249314088
576,106.03171517621121
577,252.59826410298467
578,1249.9648819697272
579,538.6249173857708
580,-350.62497230875385
581,925.6287758049494
582,-24.11579404290501
583,-13.45175335079648
584,972.961375559372
585,170.33266394001652
586,965.130262913132
587,175.19846215424144
588,511.09386276998237
589,959.0471616786114
590,577.7320463629984
591,511.71920315759655
592,490.02657760751583
593,-8.855729918649729
594,450.39422723358155
595,481.6073787204165
596,874.5634477431432
597,321.8676191002204
598,689.3541676820718
599,1042.9138863588623
600,69.41380586653361
601,552.2635237105175
602,606.8773642078022
603,667.3216729138729
604,-49.020040600794346
605,276.67271732034794
606,1152.214685099575
607,-10.679806922479145
608,1058.7320285816136
609,520.7090345849641
610,1017.8809584962183
611,1018.5933203953406
612,-120.61973085754391
613,1249.9944714499675
614,1266.8245184157113
615,-348.80691415770167
616,45.97505562466421
617,1024.4172711092829
618,63.39877374561161
619,1627.7359627539372
620,629.9635632233509
621,372.3430513235245
622,818.5735230799788
623,397.4861692782803
624,836.671395279364
625,711.1295086520705
626,1314.8978885065862
627,444.8453342603435
628,1578.3362683287241
629,-143.65131068294215
630,-56.68677462572714
631,1118.9513844722424
632,714.3054970020427
633,458.82518080248235
634,304.80430824272446
635,731.3460615294354
636,769.6006478162655
637,-64.95895189216606
638,1169.6550060825139
639,174.55509230901077
640,131.59600173780086
641,307.9726163725803
642,861.7152235884915
643,259.9855902727305
644,1177.8895451749827
645,589.2228521157499
646,657.0006921561603
647,708.5168681759698
648,-486.0147361714999
649,-109.15494401380101
650,1313.066222727719
651,198.1750927536193
652,1497.88373640889
653,1215.1436724157265
654,-738.5734448610692
655,35.907080970863774
656,-128.25617130599096
657,308.44587283829776
658,246.06456861096444
659,367.23348792558863
660,895.4821595313309
661,246.92498712845577
662,1005.6199843502792
663,53.88087106542804
664,21.651610183701905
665,1105.182932613283
666,334.19862201765693
667,330.71089028762447
668,464.90554301791803
669,-368.1130172187505
670,22.991843349253998
671,357.6276966338098
672,1087.4178058484995
673,872.3856750464398
674,399.3279818056734
675,474.69939614622945
676,251.68795878948492
677,836.896245263497
678,501.9737611131235
679,764.4468115244919
680,1408.0406824282295
681,555.7831061543903
682,334.9011983353831
683,672.3233506830462
684,728.0818644688435
685,522.616861861026
686,105.66889290742216
687,408.84525684616244
688,396.5750778424016
689,332.4221959965472
690,454.0728990925528
691,336.8975653284747
692,845.0818922770687
693,807.7537585758538
694,601.121582651513
695,633.3727834327333
696,263.15094467384085
697,800.3810646132143
698,957.1392036818512
699,298.5231576866073
700,219.46841637905538
701,975.9925563642124
702,846.3629462628143
703,31.104520946234288
704,636.5614290264091
705,-23.821838339631768
706,168.86993755920997
707,184.82981913168135
708,1567.6003055544238
709,341.79353247749475
710,829.228027104513
711,1213.0759284532705
712,840.4992030718805
713,593.3435180823001
714,360.8607708873202
715,607.7285262878555
716,828.5485829707324
717,182.07816358902363
718,858.6321518491096
719,425.89215705982986
720,91.29859111601559
721,787.5906365315442
722,770.9299048169524
723,804.2745325992197
724,576.5498531599355
725,83.00132585098612
726,690.1236378703634
727,718.3988477130634
728,312.6127581827544
729,1224.7604183077315
730,31.851566814053456
731,-128.72250617458315
732,46.81728371200899
733,512.2409840686336
734,486.99364789588856
735,973.0378455452286
736,260.3315861528371
737,198.09659941022386
738,1228.088179074914
739,1184.6866037904579
740,805.5510287499129
741,581.4371200296893
742,163.2476771310033
743,1257.1488863420864
744,226.30383924515547
745,810.8650807031139
746,109.12752532828006
747,1196.0066120562474
748,101.90537619744384
749,661.0733810808242
750,688.508376512327
751,897.7084535926416
752,567.5222830505343
753,-43.03389770173766
754,654.6611209618023
755,1148.7787474551847
756,1461.290856189099
757,1088.4086751755085
758,444.2728648386484
759,953.923527224889
760,798.6095872431441
761,1560.2037251835327
762,-128.16623094936327
763,1334.470256806525
764,467.0596613418546
765,94.37345360552723
766,175.4535021464079
767,48.453154332286545
768,-155.65178316073815
769,960.8110886852361
770,675.5503544176146
771,709.7631145287776
772,720.0413356719883
773,785.6658951872784
774,299.14161866510005
775,637.5792089466788
776,557.2877593226722
777,13.487994956010027
778,599.3960469499239
779,714.732918608535
780,103.30782838317714
781,-305.7619133582105
782,-199.73640824869642
783,702.1666758741574
784,-69.23031333864026
785,729.2605351647959
786,933.5683108919962
787,852.6834439142564
788,679.4648507379533
789,739.5750135449076
790,589.2254000516131
791,558.8957990731595
792,1513.3459480644083
793,826.0114416987514
794,66.82858873514976
795,521.9550204612623
796,337.67859859248335
797,460.00060171094265
798,105.91396456766836
799,1610.1814653780784
800,555.2187785955635
801,-8.528199771487152
802,275.31013729476524
803,273.1127363342515
804,307.75529806067004
805,-349.13687605000365
806,111.76172514031884
807,928.9444547161526
808,-20.17820121687282
809,289.5784656414331
810,1196.703241953925
811,863.1570372605657
812,1337.9787581653454
813,387.3718280230953
814,732.906940233666
815,879.3617160681143
816,344.48310996715384
817,399.2412989762623
818,1469.4278637663929
819,426.7459653194991
820,570.7905643884652
821,606.5585001124239
822,-204.7645015870724
823,1310.9457740570774
824,482.39011727513446
825,173.41892998375806
826,789.3282977202913
827,632.8502954786587
828,105.53346992328665
829,523.6115961694937
830,394.51499800619285
831,1138.1650438862052
832,691.5108128995239
833,-562.8637095371311
834,709.4030121659173
835,554.4080478307307
836,264.74158313134683
837,897.2930951424224
838,57.84340832005773
839,996.906361469485
840,400.0190348880907
841,689.0115841612734
842,-206.84027111860786
843,588.6787264478338
844,728.2753485704021
845,656.6626413489186
846,710.2685925422337
847,72.35500443423138
848,1483.0073740255539
849,829.0434253842546
850,102.749629965172
851,127.1917095536972
852,616.0880515997152
853,-135.15032591710622
854,-714.1235571169357
855,325.12429694167633
856,681.6206454520558
857,1122.5805179406452
858,92.44821824916909
859,299.6312838408834
860,673.2082995970076
861,601.8843020031557
862,46.657879737118606
863,1003.5851840739975
864,601.6309400545261
865,1049.8433424564173
866,888.2934963976824
867,42.9685794101502
868,1138.694317360048
869,32.19173363218607
870,10.528649552220827
871,-39.48116314157636
872,768.3617814905848
873,-70.64757922612324
874,439.4053175758544
875,325.3947497360135
876,815.2492249353483
877,548.8455578394513
878,985.3991995836535
879,898.0058844755541
880,828.5859231669175
881,102.40114850761108
882,-14.30784519401817
883,-13.962912026057495
884,154.79786172487456
885,-106.92736379501287
886,-325.961079059557
887,849.6126240571751
888,1025.7965934011377
889,247.53680377298883
890,867.6418742359239
891,-44.92111047453568
892,562.9454279289706
893,225.89899942997602
894,908.4379647774728
895,1419.9474419277062
896,206.71855774624294
897,-197.1369869060008
898,906.488531320536
899,373.8947772503003
900,738.129820401966
901,65.61102325911747
902,-18.770015806353285
903,480.92838246237216
904,369.8752429110838
905,346.0133759574095
906,120.14710467774239
907,656.8757632978744
908,1032.7554232536404
909,335.15914068257314
910,988.0098758648172
911,548.0778887140979
912,-766.4661182913889
913,643.2736659477108
914,762.6378777471574
915,606.8762942666826
916,716.8798761809422
917,1642.4036461818173
918,587.7506764308383
919,1177.4045500550028
920,1090.1678599070378
921,1089.6595785713776
922,775.7570597654086
923,422.7245072494351
924,755.0394155023431
925,607.3431766194066
926,813.0941731056365
927,787.4358414507575
928,36.74548938017705
929,62.491558127172084
930,1501.5415327523865
931,483.4769882533293
932,45.82251959037353
933,-74.7072982031151
934,554.4555383127237
935,332.0078536320558
936,1185.4247244577314
937,96.48805024500774
938,589.743102495493
939,1131.0323069371848
940,-253.0979256143799
941,1332.1751982528785
942,1043.1838358819255
943,645.8754271328572
944,458.223146017402
945,442.9233826286055
946,516.3918457124688
947,806.6748255037211
948,882.0675085605895
949,490.37187020367
950,403.5437046714975
951,-59.103562636600145
952,704.1691742762312
953,947.6149300619719
954,615.1444588874023
955,1090.5226304993016
956,1209.6139540841023
957,839.718985043418
958,95.3867682825815
959,-18.811583918542397
960,460.3386290630659
961,1072.1899828584983
962,1030.4093806431129
963,386.5062572316202
964,875.3375370990599
965,-651.302861871988
966,40.43899085977415
967,717.8886214701118
968,-769.3063541252948
969,29.7500768720829
970,481.4484540600831
971,286.6180844664549
972,302.5282451588554
973,-732.3676721682348
974,1477.9657282255048
975,965.4989288302978
976,862.4314817627661
977,1568.0189239667657
978,289.7921728684647
979,729.3894631154659
980,-21.025806142974034
981,-624.4218904211923
982,1272.1405487206766
983,99.86317238911516
984,160.86493008661313
985,680.8175881034828
986,658.7951531128365
987,180.01685330650417
988,-169.51040060206248
989,692.1212119327989
990,56.15413615881505
991,811.686112418488
992,1134.2026730132961
993,10.980679260943418
994,1607.5876495112443
995,262.532920633338
996,502.2493058854117
997,369.9137077335014
998,629.776536794903
999,1086.6294188614525
1000,526.2169143817441
1001,464.07973323771023
1002,205.66891247238527
1003,1537.9724981567638
1004,117.32196990403418
1005,-89.5912168371936
1006,1083.4621210969199
1007,1098.4879822512503
1008,928.5114773207848
1009,31.925666974052774
1010,-235.87458953433668
1011,35.13430329401308
1012,1051.0115967539205
1013,842.0027416968102
1014,438.5463516464928
1015,644.8637042165316
1016,569.1097271389852
1017,580.4727673999735
1018,917.6461709637018
1019,359.96249430867385
1020,610.2749401105068
1021,848.6124532977534
1022,613.0594876257934
1023,734.4338524907922
1024,-779.071544987847
1025,-438.19223164718267
1026,-541.6753415648302
1027,191.39635613016753
1028,-128.917169533442
1029,806.5070295871184
1030,1164.4643030823645
1031,568.2239073376733
1032,1300.15632448742
1033,-296.47917779199406
1034,1225.651478890732
1035,621.5880504590475
1036,1257.4638912746473
1037,650.8701642396575
1038,848.3902432534779
1039,1124.8697509753933
1040,652.0901259122467
1041,-114.86936494610279
1042,1085.9747614412108
1043,181.204728786499
1044,569.3664439226923
1045,482.9652095874202
1046,-2.451418569524094
1047,239.81582583468582
1048,782.3927836430183
1049,-21.022682721173453
1050,896.4909486510725
1051,-311.2112421724925
1052,1122.4253774369813
1053,636.129022295916
1054,649.9591100676198
1055,1243.0530544772573
1056,224.28850094100392
1057,961.0049047944013
1058,1637.1146464641006
1059,1145.8778151588558
1060,-213.5140534209266
1061,317.3178861668541
1062,123.0143504992069
1063,579.5628830075896
1064,402.00219456190086
1065,673.7434783394214
1066,848.8316123919736
1067,1240.292809110566
1068,708.0016245167565
1069,1039.0061343749248
1070,291.148958355902
1071,1090.3278127442823
1072,75.14984562176511
1073,959.6685303537644
1074,706.4207013176931
1075,915.4981538394469
1076,382.4879824828812
1077,643.2172721172034
1078,718.9433646515882
1079,536.0849210371008
1080,408.9032019102591
1081,1219.1255119800212
1082,-128.56705714068664
1083,961.0908015971191
1084,66.33348707367549
1085,549.5064574187144
1086,592.5586165767053
1087,-20.806138586275836
1088,759.3469674003289
1089,450.92029115256844
1090,659.2814332952408
1091,488.58065648547165
1092,1086.2316147449192
1093,633.806556976609
1094,611.1722181605087
1095,242.92000521062823
1096,734.2670709091884
1097,684.8118805754726
1098,-23.58577184843392
1099,644.7519884574984
1100,961.5960119482544
1101,20.522148876120013
1102,226.86202476153574
1103,359.61318904924076
1104,831.6791492123308
1105,109.38301806049657
1106,520.8814936880664
1107,603.8213640213527
1108,302.5030469940799
1109,920.8211082417307
1110,311.57501284617956
1111,729.2558115779294
1112,163.30156856931984
1113,209.64816114135022
1114,5.280835330283935
1115,139.283921378257
1116,687.544404528038
1117,240.78323555846646
1118,1250.5688852941998
1119,1258.841030545349
1120,886.50834485388
1121,679.4416896189616
1122,1090.7252036545256
1123,711.0105962175238
1124,579.3241896458094
1125,648.9553693965798
1126,-48.87934298928229
1127,725.6065961503583
1128,391.25038513272216
1129,1197.0955243253093
1130,859.2771951138017
1131,1080.4018988378375
1132,45.41117044287449
1133,231.78624728745228
1134,659.4794430537469
1135,125.95395628089352
1136,606.6913877936796
1137,425.56520591056267
1138,1247.7761259130366
1139,485.08184806831
1140,1082.2094047790483
1141,1498.9806443094885
1142,64.21635277567952
1143,1524.6326111595672
1144,958.0331669432577
1145,746.2758464681993
1146,1196.3146220924928
1147,286.2142030408535
1148,115.96140201787358
1149,640.8984192250016
1150,325.6720072680249
1151,1029.8825438549065
1152,444.67103955999096
1153,517.7293437424818
1154,744.9310794169475
1155,-193.41414662631405
1156,521.8738656277671
1157,-23.627216863482033
1158,490.1024116766646
1159,431.7315988698024
1160,901.7715152432412
1161,824.6775404508086
1162,422.02776819259554
1163,788.1618639822808
1164,890.627997886657
1165,1250.73781434176
1166,112.11533502750694
1167,59.57255473779264
1168,725.6610651619384
1169,878.8563405887668
1170,73.00057659329644
1171,24.06876318683709
1172,756.4659049676055
1173,-119.25791783812383
1174,496.37135255335363
1175,155.5638753531511
1176,1152.7508586405875
1177,480.6625025210086
1178,332.6650003055605
1179,636.7951176888918
1180,668.400095751
1181,-91.56924739318913
1182,1160.6891896175293
1183,1051.4049868814077
1184,568.4912369592743
1185,722.5188022064314
1186,581.405261126811
1187,294.19126978730026
1188,854.1600764814162
1189,301.09450458830804
1190,108.03994921744243
1191,-0.4366748795147828
1192,923.77236051338
1193,360.7624439097184
1194,9.539473742265386
1195,108.6385494859552
1196,1216.5979815863698
1197,1005.2199956299947
1198,20.74282564639907
1199,317.46006918870205
1200,878.8707354312811
1201,1289.037189234507
1202,702.9865432189794
1203,127.9517455638794
1204,1052.424709398289
1205,577.3944473403385
1206,81.32383219301755
1207,109.17848122078755
1208,575.4914175283109
1209,505.6789499424689
1210,237.5140204681727
1211,317.5929127885414
1212,586.6317619725476
1213,377.95951815175624
1214,1218.8192753799317
1215,687.8352542929243
1216,372.8495364135773
1217,1638.731528183786
1218,580.4862723422838
1219,1096.9469080965991
1220,837.147416016078
1221,572.9146296880025
1222,1002.5964594077924
1223,562.7443482522108
1224,111.96548004685997
1225,510.5041965471029
1226,753.3108434176471
1227,993.2474671486276
1228,1002.2672825335
1229,950.1026038619099
1230,1309.5111697944635
1231,543.6345114080717
1232,201.7574679497576
1233,547.9189275666897
1234,226.7238810376923
1235,380.782326489791
1236,307.00487415461555
1237,874.073837910939
1238,31.64321677414472
1239,1435.8997861192001
1240,881.9894435451689
1241,1105.8613738659596
1242,464.26044129597756
1243,106.28263318338253
1244,626.3947058652161
1245,848.434625080839
1246,-537.7929812296152
1247,904.3534527624337
1248,1108.5889383837116
1249,387.77181904286897
1250,336.3401421531868
1251,83.13003683862195
1252,470.3597722380574
1253,1146.2154721821134
1254,-37.90352854718071
1255,-146.7407940219041
1256,680.7892226710194
1257,9.44472981182463
1258,109.21216351380917
1259,590.7104323587621
1260,-76.07615956747725
1261,241.7874111819009
1262,1219.9579743917584
1263,24.898517441871377
1264,1035.6748308459496
1265,745.4847312933281
1266,737.6199557973943
1267,644.9360759930698
1268,916.2702716301079
1269,635.6745803898356
1270,669.7138984582327
1271,421.58999071459004
1272,924.0778649589728
1273,892.4307995338037
1274,1142.6178974042227
1275,903.5837654694709
1276,527.0638357786027
1277,929.1013574239879
1278,-544.1038693449696
1279,1005.9619216326815
1280,605.9237323144214
1281,552.0733928287572
1282,-111.90143052512997
1283,1576.8102471162906
1284,648.4388526188001
1285,-96.27529818129551
1286,-0.8838046928514132
1287,1313.919991287416
1288,-703.7536843766202
1289,94.01699321125295
1290,323.1016856248019
1291,-192.50922732467308
1292,-379.0219373700491
1293,687.3458054808565
1294,331.1536014861855
1295,452.4364409657493
1296,752.1731148233056
1297,533.3500163011014
1298,594.61674407465
1299,1052.776162949442
1300,940.8442801943894
1301,1592.1477773987635
1302,-13.614854832273352
1303,695.8635305963091
1304,601.5584096400329
1305,916.1942488016549
1306,-32.416719671780584
1307,23.514406359014345
1308,1335.0534224240605
1309,-185.37334589142938
1310,803.1025195318408
1311,-253.94438547370885
1312,1201.972675918768
1313,28.402349955488717
1314,768.4197572811096
1315,594.2350968691142
1316,353.31333695835224
1317,806.6003840019458
1318,605.5137398843452
1319,1140.821545049711
1320,311.5871451744048
1321,1014.8493488318851
1322,1037.7520766131565
1323,347.5535960217527
1324,924.4537684009466
1325,830.323294540202
1326,529.7639878322534
1327,881.3837051252748
1328,1111.562426044767
1329,731.3823720978936
1330,670.878595611881
1331,906.2396911041734
1332,-258.78710941804803
1333,884.9216403484126
1334,-647.2468531424958
1335,1091.5744529771746
1336,562.0402862622819
1337,30.836699625931317
1338,579.3956048937741
1339,460.7035756687775
1340,422.64884831672373
1341,1103.955951754082
1342,1111.496717293725
1343,1176.8763993804027
1344,912.9504407117773
1345,1409.110406297069
1346,458.899336839914
1347,210.4651606948065
1348,23.467726119729832
1349,-40.93757285172819
1350,357.71651846983707
1351,135.1751284112661
1352,711.4815231580707
1353,345.6785138043923
1354,537.3356053095349
1355,555.5943121380088
1356,1429.8573064600741
1357,-335.1785496643408
1358,1443.3080206438608
1359,-27.01641461769634
1360,-68.01741372577504
1361,993.6589754335931
1362,1098.5782343101455
1363,792.231091084329
1364,632.9135977986203
1365,638.1660889700095
1366,416.64932568902
1367,203.40773951497147
1368,1086.3515326758034
1369,-166.94579963113995
1370,294.7110607410706
1371,693.2844019067971
1372,864.9225166870334
1373,837.654505735402
1374,797.9542023947162
1375,610.3490259533155
1376,749.9203836653375
1377,533.233990449471
1378,221.97057152747925
1379,-146.51738657959842
1380,1296.2804091225212
1381,326.39435967390466
1382,844.9440494451582
1383,773.9811438364183
1384,-286.96651282037277
1385,229.93943653825875
1386,154.41751310704007
1387,-59.271500840271926
1388,-25.638629150407894
1389,888.2999939014784
1390,-36.06300081568821
1391,725.1303765265653
1392,-7.887158435153651
1393,364.3662277365603
1394,231.24390019240082
1395,496.017334694042
1396,728.6902020934914
1397,744.6367198695822
1398,106.12061854348548
1399,809.4060357997788
1400,1149.1686175886684
1401,1073.5634768380964
1402,1035.192747029414
1403,864.3817238807152
1404,1009.46313323268
1405,154.96767212029818
1406,131.51050043740133
1407,-502.33341764853657
1408,980.1608770957579
1409,758.4208560453654
1410,269.2886793563646
1411,1185.2860574875776
1412,1151.4722804239218
1413,601.0562984837229
1414,405.32031598196716
1415,1153.0139546135242
1416,67.80106212715293
1417,-260.0602910661933
1418,1244.0608412064385
1419,1260.9436639836786
1420,1103.8293924747186
1421,631.1274904681603
1422,1599.8834503289113
1423,-10.047714084908137
1424,-148.95314484436847
1425,707.606709074639
1426,-34.95130854468192
1427,-445.6564441773015
1428,711.6451535754956
1429,441.50207201903856
1430,102.0618257373028
1431,1086.4659418001293
1432,1436.2702324295587
1433,1506.2350658330229
1434,301.5708942291873
1435,941.4404315031435
1436,466.59924294715904
1437,142.80353789241627
1438,994.6946660877262
1439,1213.6234431787839
1440,624.9838736407755
1441,-393.1449987313299
1442,276.88553220430015
1443,886.2426483361313
1444,1095.4759430984109
1445,903.4032688218612
1446,789.8359326535127
1447,407.9392033136768
1448,1460.343023299044
1449,-1446.40564575183
1450,966.0192242519676
1451,434.8368170095754
1452,1460.6553058440027
1453,1150.52399830363
1454,911.0514231394505
1455,841.9403642609383
1456,602.7800364610533
1457,744.9194627192395
1458,670.6920322559984
1459,1535.170200394628
1460,-57.94326594146793
1461,562.5767460797781
1462,-744.5177510451244
1463,1150.5076959353132
1464,1151.5452252608234
1465,739.8411239020562
1466,101.75909210870213
1467,13.830667400373272
1468,484.1031372843239
1469,1086.1653851628234
1470,1255.3052027049603
1471,790.0784760478288
1472,790.5769811742599
1473,-267.31886524240116
1474,911.3006748680197
1475,597.4047617006917
1476,758.3823207769323
1477,339.31371515358035
1478,1513.354418101259
1479,884.0598281585336
1480,1258.099796673072
1481,108.80583255432293
1482,888.6058064610626
1483,-172.7424762502892
1484,819.007232515676
1485,752.9853009489474
1486,28.43612021555731
1487,710.7882920861776
1488,7.777755391495475
1489,105.9739662812616
1490,823.1815730585687
1491,-178.8796191627619
1492,-339.0404413697667
1493,337.8050704413922
1494,69.28689487262028
1495,90.356797895216
1496,861.1095364580525
1497,692.1057028205574
1498,390.33700062980427
1499,21.192001929728804
1500,346.5479232734292
1501,-8.206866411162991
1502,857.485030390748
1503,555.1681139656586
1504,192.74012258027187
1505,-141.56717887963998
1506,601.9940177056086
1507,702.5569451163101
1508,-295.33845882740997
1509,676.7406548528196
1510,235.1471980651594
1511,1292.1434422800712
1512,950.8018047708971
1513,788.0003840213634
1514,-21.965667305810314
1515,503.03381118049515
1516,-198.19779102384416
1517,749.3844253124349
1518,489.4299236291937
1519,505.915052577874
1520,184.82371078286639
1521,856.3301109271239
1522,1062.0186742682263
1523,1616.5472648234545
1524,1107.5977565687422
1525,437.6763476512541
1526,1291.6511548962676
1527,-132.4596861286342
1528,631.0357672963114
1529,459.67358502930847
1530,492.87111304538473
1531,-176.54020765044294
1532,481.6323663020411
1533,-202.04085382351082
1534,-114.64676219336522
1535,766.6863510617269
1536,1464.6671586486832
1537,355.7856920179963
1538,129.29755884307065
1539,1571.5211657193286
1540,386.9554342516774
1541,81.50680898516424
1542,1170.3441728894227
1543,273.87017111940634
1544,1039.7087889085992
1545,1504.175708864776
1546,337.1818006830439
1547,64.27608321339932
1548,183.80023402595225
1549,1044.8728449898822
1550,402.1923331019558
1551,867.9020871999365
1552,293.83925088885144
1553,349.26038122104876
1554,330.46556022696984
1555,630.2326597118515
1556,1396.9628755566769
1557,317.4183224161286
1558,1288.0757837641381
1559,72.72865994128125
1560,543.0909561678967
1561,-84.13124747105485
1562,390.17751353058395
1563,1477.4998097136308
1564,709.7214801289894
1565,1008.8433053806413
1566,1009.5804295735053
1567,804.7943048941726
1568,1048.808615023228
1569,34.70108642500173
1570,24.17599125060309
1571,732.5989409657656
1572,940.4245193467194
1573,1053.704793883987
1574,721.4941784075783
1575,580.9445434702898
1576,1009.7107043845464
1577,1476.1333531621099
1578,1402.8414103428631
1579,787.0085577022315
1580,321.8714821302211
1581,862.3260828739329
1582,979.2970009825536
1583,268.8060981202508
1584,807.4178107330227
1585,633.1685662984919
1586,134.664048226437
1587,776.865434052473
1588,-600.7698617669535
1589,-26.916115440576505
1590,78.30112993802908
1591,-78.00282749006345
1592,704.5932780235767
1593,732.6313253931304
1594,392.4639371250872
1595,1229.228001508186
1596,958.9489563729154
1597,1233.852977911588
1598,897.0282634172305
1599,599.2808512123053
1600,348.77480548590677
1601,188.6805493979087
1602,905.7581270374391
1603,652.6455365429498
1604,329.78277697275803
1605,-27.85240772618073
1606,256.43579512592135
1607,659.1889058028743
1608,99.65145103078498
1609,546.3545239135454
1610,-154.64835480159513
1611,-118.6765545762787
1612,1395.6071393641278
1613,1041.0948118135339
1614,588.0235626900638
1615,-69.26337238752555
1616,294.9565396974889
1617,622.5069100589939
1618,1108.489713353235
1619,863.1149403594037
1620,578.6167888952626
1621,727.8821865012332
1622,310.54382670387497
1623,774.2739158220917
1624,1327.90153136676
1625,1543.4447573561965
1626,1207.6806272670901
1627,52.653687005136135
1628,940.9477482284327
1629,789.6455928329357
1630,1497.0534137018326
1631,678.7739746775363
1632,538.3405647418971
1633,913.5323473841373
1634,-237.79498195046625
1635,44.89604813262741
1636,678.2662384077564
1637,1116.6541668195382
1638,-147.25882734248546
1639,346.88947335559226
1640,700.950146166686
1641,-839.9071964520198
1642,237.7639250453933
1643,267.0710965043032
1644,126.13919200618909
1645,885.4572502962247
1646,870.6625361728212
1647,846.982523697067
1648,714.8359818671405
1649,179.87499028695004
1650,728.5898289972721
1651,516.3619593206248
1652,334.438290868133
1653,662.3257687382611
1654,768.3897757767837
1655,284.88428106481376
1656,396.1754750665822
1657,765.4699097532697
1658,714.378194040611
1659,381.60164252546986
1660,677.3773280926081
1661,797.8776326671749
1662,1010.8577609334817
1663,481.06739721016277
1664,849.7244131309436
1665,862.8531609476764
1666,163.5514078911358
1667,777.4286582714245
1668,654.6936083851184
1669,174.01001885900524
1670,1172.3008569964018
1671,-313.8972540462703
1672,1449.2879957039959
1673,566.5436913455791
1674,-37.109801477538156
1675,624.3600627905453
1676,880.7977225437206
1677,1061.7196085714572
1678,639.7076966544649
1679,179.11962180371677
1680,597.563487248072
1681,436.63661023029874
1682,1112.6430722455948
1683,788.46091930154
1684,1215.3424073330775
1685,722.3531092374211
1686,834.1034614150182
1687,378.03793398316554
1688,610.358767231948
1689,710.7563082677842
1690,1552.9815885710395
1691,386.6346281663922
1692,759.4694698381087
1693,767.7544903281729
1694,812.7470836650997
1695,144.08915752768712
1696,846.5819356117096
1697,1120.8600697435809
1698,1179.5498760056753
1699,605.1037083609114
1700,586.9914284812864
1701,-142.49393731461925
1702,621.7935111311442
1703,460.60468679375833
1704,997.4349180741193
1705,689.8410083745233
1706,1562.3495567040927
1707,-39.25920567585689
1708,985.2768815083006
1709,688.8950203128957
1710,766.8724682368917
1711,1156.5177047941847
1712,811.9125714344879
1713,751.8215147016532
1714,460.8671837702992
1715,51.0539578020157
1716,537.1255573132336
1717,-67.89299837388057
1718,149.51578467276312
1719,936.8143396689621
1720,433.3083171126651
1721,825.1747316127486
1722,731.6115192115252
1723,1053.3275725989188
1724,673.9600485335891
1725,824.4832669631425
1726,72.83465856525822
1727,65.46573227643353
1728,-18.93064444073383
1729,823.5645467412684
1730,189.17922299872703
1731,691.413155953454
1732,957.7855478545681
1733,1052.7137564700852
1734,1280.396610695199
1735,1467.7843659048417
1736,1210.039252609798
1737,1109.5375331838313
1738,1648.9233237478911
1739,1140.5963486852947
1740,1528.9205083283946
1741,-119.26710004041706
1742,303.3955660397104
1743,713.7784688497264
1744,-549.6110894497158
1745,905.8098206490041
1746,638.600026286319
1747,481.32025207514664
1748,788.7703206010707
1749,869.7798409191315
1750,465.2972242035952
1751,1327.074460547888
1752,898.5478879618082
1753,1025.8731414874728
1754,936.6563153529572
1755,863.4264718417943
1756,1508.2099252649155
1757,595.8469002222009
1758,67.62235675786258
1759,1129.357891749844
1760,1015.0878099801258
1761,1174.4558639179372
1762,923.0657325272738
1763,-273.53144246926286
1764,1272.010045716108
1765,36.16275594681906
1766,467.18043005094717
1767,956.0427415624887
1768,94.75432414011289
1769,6.872552455469474
1770,442.1845365159834
1771,1113.628051779985
1772,571.5184659935895
1773,1115.8322780604535
1774,479.0657526694016
1775,1512.91204420827
1776,1182.9991135869736
1777,30.166818367722044
1778,119.39532573848362
1779,1480.294837734994
1780,349.36373931912533
1781,587.5423744019406
1782,1048.7628106433472
1783,1077.5388408633762
1784,-20.332838549931125
1785,881.0471793407916
1786,676.742593680003
1787,1000.4889973192045
1788,1197.158681749493
1789,1194.2803540817054
1790,421.22338287534865
1791,748.0951490755723
1792,553.8864432083934
1793,309.8452554651268
1794,-743.9855787193968
1795,826.2421388761071
1796,-198.85607089124483
1797,897.4775653674136
1798,306.2731234672268
1799,1009.6593786858199
1800,-161.69441982835338
1801,227.5938082752515
1802,201.15219289884146
1803,723.2658030333874
1804,1539.0042693592136
1805,1487.0891111069068
1806,677.0475402207029
1807,538.1261298304114
1808,-239.00529741953545
1809,703.3727804897143
1810,-21.03018503535776
1811,1518.6036933821338
1812,1253.0424920517826
1813,560.8503027442458
1814,1092.6950474112405
1815,454.17801116611463
1816,1224.8932690910406
1817,-10.844956082564181
1818,151.31165770133492
1819,124.41579565389213
1820,645.0453554348886
1821,677.0480528093985
1822,27.808452657053635
1823,726.2450411217036
1824,9.473902872445592
1825,216.46490695921
1826,924.8829727123172
1827,26.283480664522926
1828,1362.3542004337564
1829,100.4831053962451
1830,415.7406648864129
1831,1280.0093603482228
1832,-10.152698074565592
1833,613.4122870787196
1834,1196.6786825776476
1835,553.8941181304718
1836,1069.5181674592318
1837,647.4311400233123
1838,862.9134487112657
1839,1412.6171231562857
1840,-128.28927592914675
1841,1154.0982811740605
1842,47.051152891805486
1843,925.326146733605
1844,1153.8825151913356
1845,664.51204314025
1846,115.0126408821173
1847,128.7775043212378
1848,191.4816500594594
1849,754.5413076032368
1850,977.5274517511581
1851,622.2686256940495
1852,907.669967018871
1853,1135.218425067087
1854,870.4420387299289
1855,860.9143701470326
1856,256.153074727266
1857,118.07444753794772
1858,1321.2751489233688
1859,1054.2941813316843
1860,560.7988283502964
1861,246.51561993003736
1862,665.2402570814136
1863,-214.20194143899943
1864,500.43856087922256
1865,7.597602558599249
1866,226.45575073348482
1867,673.2480945106341
1868,618.9408935167942
1869,1272.193047466988
1870,459.99316213173495
1871,1593.6160743629043
1872,23.298584205126872
1873,843.7850630297781
1874,-2.007231019724486
1875,585.5987474997474
1876,818.9883021668642
1877,324.8254767552097
1878,-727.2258662390466
1879,72.67388719555976
1880,80.6227642181301
1881,679.2697010036893
1882,1158.8551485033904
1883,1534.8364827521505
1884,845.4434365142594
1885,271.81452770726366
1886,1071.899645257262
1887,-0.42727070247087795
1888,77.3936998324574
1889,189.98234765206684
1890,976.8774963052457
1891,472.85171713971806
1892,808.738790541485
1893,808.563019445614
1894,567.6345011888535
1895,222.03010472946335
1896,444.98609159892646
1897,719.6324908726104
1898,179.6640754138379
1899,1010.7007911670199
1900,1337.4269727527508
1901,1514.5597607530408
1902,-12.408888056005367
1903,646.2364386369676
1904,712.0823203497877
1905,715.9420810962157
1906,601.0495512761233
1907,-165.94788553807444
1908,1378.754081600991
1909,-26.84341573190767
1910,1085.5485455727007
1911,574.7215502076086
1912,544.953797982641
1913,-291.88251259637303
1914,72.79298164071236
1915,525.7839584772519
1916,533.2548993647305
1917,20.55012677371866
1918,1625.328779400094
1919,386.5535321780725
1920,904.885890366052
1921,-218.1519376086341
1922,794.0419928260104
1923,857.764740460848
1924,471.05677384033004
1925,799.9310644379699
1926,587.9284285828232
1927,1123.357950897093
1928,913.00176569912
1929,-95.44340480155233
1930,182.76883503799905
1931,817.9960118139885
1932,584.6181121874149
1933,549.4463132789214
1934,178.24022268057695
1935,609.5251349534018
1936,639.4630132234608
1937,1040.467639822616
1938,617.0379458465243
1939,1363.3419397905236
1940,110.9730672459761
1941,1575.992629998062
1942,226.58585946888252
1943,394.4139538428316
1944,0.5700701537214172
1945,818.8851068555488
1946,795.7600694094132
1947,404.465092003495
1948,638.312983946809
1949,590.104780862321
1950,857.8372585938224
1951,830.9673359206155
1952,190.98156122610771
1953,540.7292193481245
1954,730.8680137374314
1955,1170.8295086635349
1956,914.6271382081437
1957,-532.3437632670666
1958,341.01088438066483
1959,134.58460605440143
1960,364.52250159260245
1961,613.7876465987497
1962,860.1163230270582
1963,651.255605928704
1964,242.85031098333695
1965,902.2435434783698
1966,190.8149554079656
1967,936.4059685807221
1968,1112.0039890538096
1969,353.3356920678267
1970,1297.4901073822357
1971,1247.0786778751199
1972,733.4702749787017
1973,-13.979081910868217
1974,862.3496601818266
1975,154.293573148701
1976,817.1321962772894
1977,501.0697302222035
1978,1204.7549473480844
1979,151.84460373868637
1980,878.4322546987997
1981,596.1933679531124
1982,170.71256397460354
1983,659.0611030147918
1984,580.5409855720501
1985,814.7122080516721
1986,728.6114346081905
1987,231.85455025590716
1988,83.89051749517313
1989,578.2630943867523
1990,1192.0186036044734
1991,1028.7159710158621
1992,964.4052870800621
1993,-297.27667949221046
1994,587.3493993230452
1995,492.79459227166706
1996,928.1305575148955
1997,280.86281484401934
1998,562.4036588062864
1999,567.8188923127941
2000,-199.25244896949886
2001,1113.503367692179
2002,32.19149802572838
2003,591.5990460853292
2004,77.11813368879228
2005,262.5795304596486
2006,1.7168159365073734
2007,568.1407110126498
2008,623.8692259585694
2009,466.1625099548236
2010,600.2341581969156
2011,642.3182116770691
2012,1134.1998691754025
2013,271.04491219912813
2014,833.5155261709939
2015,554.4397054208965
2016,141.8505681095138
2017,741.1413154594617
2018,479.8597221691317
2019,234.42117291624163
2020,100.9846558310216
2021,1220.7902944882967
2022,76.5169282486238
2023,-290.33624716059785
2024,185.41439067522208
2025,-180.69672974722272
2026,914.9978448248629
2027,853.786538147698
2028,7.348034038499179
2029,1183.6761347133815
2030,882.0248098628141
2031,1094.551299428058
2032,1132.9551638103699
2033,1233.413374540159
2034,1020.5349605011598
2035,60.565087202825
2036,283.8056006427063
2037,268.92978578501425
2038,255.77214749806728
2039,499.1402122976302
2040,-418.18782343852024
2041,522.0160507831573
2042,1190.4586904032903
2043,640.2616782263882
2044,725.5328063954086
2045,738.7887167862742
2046,221.34384247136734
2047,584.1921347283846
2048,171.1636196803944
2049,1218.188170458477
2050,1008.9044272044035
2051,999.0946501918921
2052,618.308564430344
2053,-36.23074544133982
2054,1662.012204940254
2055,727.4718257669343
2056,1323.1360760461748
2057,224.60134148349823
2058,106.91400948505475
2059,141.7317425946116
2060,948.5743160913213
2061,460.62791196261526
2062,588.1326805865518
2063,-236.03742672368816
2064,-199.93653720346214
2065,-86.58116725187097
2066,-503.7162373956603
2067,947.6692660533328
2068,1139.9593108117783
2069,667.7066310861551
2070,856.9325623956678
2071,500.13594197149393
2072,886.1582284499333
2073,440.33101427073245
2074,472.8069226702838
2075,530.6382909503508
2076,156.7495157436661
2077,1457.9424010681041
2078,1125.0610586867529
2079,18.859472232674932
2080,31.540831995246037
2081,1584.743416979085
2082,-99.72202293595672
2083,103.76592887848659
2084,649.9273067184208
2085,467.75419682051677
2086,416.38633053932097
2087,1010.9308972977666
2088,1449.11651855944
2089,639.4710831640996
2090,299.1485575831341
2091,585.5710751377344
2092,617.0957654650108
2093,446.2046950995988
2094,1008.060321924081
2095,417.8916572896304
2096,417.1771252722134
2097,39.81873942138469
2098,446.0854561038244
2099,11.472469264548465
2100,1476.3296076561323
2101,1174.815611082176
2102,463.24969969295387
2103,421.8800755389965
2104,211.81190208838132
2105,436.2837659794958
2106,513.6785727909754
2107,157.4337574995916
2108,434.21965068565123
2109,-561.5789550594434
2110,565.595882045884
2111,635.8059008784844
2112,893.1441031778519
2113,842.5003897675334
2114,752.8669197110449
2115,606.6977779429042
2116,-292.29262147536025
2117,1177.5215071402154
2118,710.8148679486968
2119,511.0337353638266
2120,-243.01418663312847
2121,-562.6095601129559
2122,1305.7537548743658
2123,585.515028136356
2124,115.3279493695328
2125,560.6965067595112
2126,1361.3000695476726
2127,91.36393434560813
2128,268.4260594553706
2129,-188.7276242428378
2130,995.5776573752825
2131,269.94856348467033
2132,-679.4854739095589
2133,938.7491433303522
2134,565.414365744279
2135,1570.0639097472954
2136,758.9925811253048
2137,1241.7894882561081
2138,1186.180176862707
2139,1009.694230248189
2140,640.3332498629001
2141,484.2878196036171
2142,12.785097156236134
2143,851.6856456471352
2144,-245.5556736528519
2145,110.6811591650445
2146,82.75509071435772
2147,34.89921942763294
2148,-576.9635276939498
2149,511.16718807841016
2150,869.6300912848334
2151,170.26451369236946
2152,-531.2986858581141
2153,476.4036103116297
2154,562.6269588991869
2155,1115.802789484433
2156,436.80958893252387
2157,-14.345702751423346
2158,1141.083119729347
2159,443.6459334836302
2160,112.47765681149838
2161,699.8089743535937
2162,772.3947180553438
2163,513.7717149330784
2164,933.5668161125974
2165,-113.58750954916161
2166,332.30554803977486
2167,936.2629841813099
2168,841.1135817778669
2169,1397.8265983384754
2170,-264.7552336778026
2171,760.275010174049
2172,688.4322393199725
2173,936.9923131416982
2174,1123.8486810594432
2175,107.0260966523216
2176,1472.870194600138
2177,996.4048348480932
2178,100.90167529380977
2179,-509.3692282325974
2180,-54.21407696532037
2181,915.8262989495064
2182,-498.78064013170723
2183,289.87950094341784
2184,315.091452551986
2185,141.0483925060836
2186,-403.7050851744808
2187,133.96388366406597
2188,743.8695836200094
2189,731.2843441309518
2190,473.7699027927216
2191,878.8661177203986
2192,195.47717976067253
2193,648.7384597826193
2194,167.14876421436122
2195,497.5122640185717
2196,425.9386640297927
2197,643.5729086099152
2198,1164.21926196685
2199,522.4086451002948
2200,545.1031331873197
2201,-193.04593049080864
2202,779.0324714791385
2203,408.4517751614536
2204,293.26528355301105
2205,48.876200237023
2206,1512.0178552421917
2207,1005.0611971423172
2208,860.3626201851006
2209,1466.323714013699
2210,172.11251425212242
2211,142.09340116382634
2212,772.8043666566588
2213,760.2191214605574
2214,748.1945906209568
2215,942.7363426115531
2216,752.6253225151282
2217,72.10363927837511
2218,746.6397883307092
2219,1060.8793397896156
2220,1412.7635347837308
2221,473.3010261745577
2222,738.5333957202425
2223,1029.349161535717
2224,1121.9151910413661
2225,104.59239706902127
2226,-42.01852720872125
2227,1654.6094669214954
2228,1347.7905297704465
2229,835.3124635003711
2230,807.8330339447722
2231,336.77121935897776
2232,143.52982974685233
2233,-139.56834303499062
2234,42.70473067769677
2235,496.49856923017853
2236,998.3390706533379
2237,1342.3853319934974
2238,1206.683471050278
2239,1182.6208347291827
2240,43.98523633318075
2241,1190.8202845217047
2242,788.6239847694961
2243,882.8269410227373
2244,510.7517814998333
2245,1552.551486055204
2246,151.27057133294613
2247,30.143944898322786
2248,1174.9588908516635
2249,419.0655524226512
2250,677.745232713273
2251,606.534172865799
2252,940.9602499440454
2253,1562.4069812495218
2254,-55.9292687065909
2255,1307.2822762006099
2256,321.92033952158124
2257,691.621687691382
2258,441.4277372647508
2259,908.4146732712971
2260,33.071310882513615
2261,18.38756775690115
2262,44.5612181535833
2263,82.12168066423447
2264,763.0793261949733
2265,1.2483121358874882
2266,987.5647546885406
2267,224.9245951956807
2268,722.9761886675486
2269,782.7019256635009
2270,422.6680473949292
2271,1188.0727441271679
2272,870.8282952561409
2273,1475.3837671180058
2274,1216.2724238788528
2275,1077.154869404424
2276,324.21630120066595
2277,991.4503128269831
2278,960.0356111405491
2279,947.5805224586067
2280,-32.25851863432223
2281,1033.7348164999553
2282,-81.74983092097261
2283,453.29675226267136
2284,406.47679826598767
2285,1064.1426412119786
2286,655.524586199685
2287,431.4798692050207
2288,797.9868086694429
2289,432.6014193670836
2290,615.845816211884
2291,661.8689670327796
2292,-260.6062184871106
2293,287.51692382262456
2294,998.0491503561817
2295,591.0276836296812
2296,541.8788220160046
2297,38.73185522541331
2298,696.6764698235181
2299,826.0970531567267
2300,-542.9888518188603
2301,700.6911863911492
2302,204.40611617257537
2303,562.0392365239398
2304,318.0861449665855
2305,-582.2333845695532
2306,-14.103859738513734
2307,943.0746806746425
2308,576.548525582172
2309,-161.80174512160784
2310,732.523377211492
2311,1408.3772302784591
2312,-477.28334931636994
2313,1288.067878506129
2314,1111.2549563648085
2315,-473.7055920270726
2316,395.72042425594043
2317,201.73604131524962
2318,24.36745105449006
2319,195.25202196947077
2320,51.2267643809771
2321,-25.510748940129986
2322,94.28555632008602
2323,948.5450654583088
2324,-300.7746655311184
2325,-355.27377555545667
2326,669.96373325008
2327,445.6910793015537
2328,-213.39140039137942
2329,584.9419170970137
2330,934.5334278468748
2331,304.73345920656027
2332,478.2707635384228
2333,1031.922898155612
2334,671.2659000208223
2335,739.4920366866742
2336,648.6608213589702
2337,83.16822287483961
2338,237.86148058961896
2339,1145.8480659455358
2340,-121.10397964543711
2341,387.6743668442299
2342,895.3704304010902
2343,560.4210418877009
2344,1242.8964746496772
2345,778.9060463031698
2346,798.3485775717041
2347,367.29294961904714
2348,315.43104475368114
2349,-198.3298559384105
2350,-16.919353522311326
2351,20.332922158312556
2352,-23.666766424015748
2353,197.99363239544624
2354,768.7136089337356
2355,671.3177737761239
2356,570.8032188319171
2357,684.0354353633484
2358,-149.20740303305712
2359,521.6376529357284
2360,138.53881779807762
2361,229.689889636869
2362,1011.0984030669387
2363,90.94762037154146
2364,352.84094957756565
2365,176.63233273560866
2366,1073.2967514267298
2367,805.1483647565575
2368,689.7731992989745
2369,553.954649320046
2370,746.7492647410073
2371,265.1555465721924
2372,781.8487210717554
2373,222.15760301331215
2374,690.9868864839309
2375,354.1406282202064
2376,1039.7500738783433
2377,595.1060599611704
2378,471.3249652610658
2379,752.4386540440843
2380,419.4535438169303
2381,1290.770432936154
2382,980.8416980715298
2383,1433.766770807208
2384,99.83472160782742
2385,62.20783446170964
2386,885.014067288292
2387,1340.7531491009358
2388,953.5596065239962
2389,1010.4507896270571
2390,221.83396221083012
2391,382.46898212867757
2392,575.5358322908758
2393,576.2950377459285
2394,37.845193867284365
2395,107.83807663798427
2396,32.632467363762316
2397,1259.4864725265707
2398,-33.24879627053349
2399,814.1442520630909
2400,198.46554377396512
2401,-106.37433880363386
2402,895.8512370599548
2403,776.0721742973184
2404,496.19077743394575
2405,697.3192909151408
2406,610.3680051339906
2407,664.2318436956377
2408,-175.46945655293928
2409,861.6241907007576
2410,573.9361183533762
2411,1066.6301534124304
2412,1036.273418270533
2413,1134.4666400960605
2414,534.1150069079778
2415,329.9865105603841
2416,1550.360810585611
2417,1156.8489186046554
2418,557.4614766195875
2419,657.4680988626551
2420,77.73904720618458
2421,1243.7668450571173
2422,-203.30398679483443
2423,620.3022777236681
2424,399.03256753205585
2425,1539.5087123259973
2426,640.3386578511928
2427,454.5417127125435
2428,537.8917327424762
2429,407.76417624490637
2430,-48.03876105862781
2431,1118.163254749968
2432,943.5844485880087
2433,-309.9028215739207
2434,333.17696340745636
2435,453.56413789971555
2436,1221.9568239602495
2437,-208.27032218658388
2438,803.16028355638
2439,729.8375577782705
2440,614.4402548719851
2441,893.9982856321927
2442,419.7087438960431
2443,297.49083639412584
2444,586.1663838275992
2445,557.1076025115401
2446,102.06754893914393
2447,539.5425485694724
2448,126.7837659765791
2449,1271.2259665869747
2450,463.7842691589948
2451,177.75987864402634
2452,664.5299937686893
2453,730.477019884741
2454,638.1680887692019
2455,346.6975292398042
2456,1467.2763189552074
2457,53.087069589195096
2458,68.69540958269545
2459,-180.59001953549836
2460,464.7055043220247
2461,701.7779523884114
2462,-374.48211514009074
2463,384.8044053833604
2464,4.719193931739426
2465,527.3550684037467
2466,99.04805929243224
2467,1560.6476456196747
2468,968.0151440686194
2469,1386.809459766776
2470,26.505522279162392
2471,317.54326561409846
2472,680.3918892806196
2473,966.3280460669472
2474,697.2029557523181
2475,762.0933276990942
2476,149.8897124329962
2477,572.3533774976735
2478,1491.962305191938
2479,231.93304209652752
2480,716.8726687382224
2481,733.0300754564036
2482,985.1562373157002
2483,551.0271348110458
2484,1141.022219026589
2485,-29.848762518249316
2486,866.3020379784826
2487,854.7979969859613
2488,808.895796666833
2489,-313.62432773645645
2490,723.7608520485325
2491,280.4314716371638
2492,640.1500627461095
2493,317.3849517261241
2494,48.71103640158691
2495,801.5651655982175
2496,1352.5782608936574
2497,238.2985669502408
2498,-411.0657303485653
2499,815.7350647143882
2500,77.66078748338612
2501,-606.0330159800858
2502,1232.5722418161108
2503,86.27692775686359
2504,495.74390237741625
2505,-142.67890848045482
2506,-495.52192008542136
2507,606.2212737020277
2508,661.3887335520607
2509,683.0420809104104
2510,-763.6573452419709
2511,1030.0785510414448
2512,895.8310691511789
2513,549.6341743308188
2514,882.0152816417559
2515,-48.36547604657909
2516,1011.143275902108
2517,832.3718780012806
2518,978.7095092642866
2519,930.792344535375
2520,184.25121567052508
2521,173.1974559238867
2522,309.74024380942376
2523,71.65107757978001
2524,689.0229148255316
2525,1205.0211783415239
2526,1105.0219751434834
2527,1365.8194462946408
2528,651.2257102476865
2529,871.804281083099
2530,86.56884615902129
2531,801.6581987758578
2532,215.92319439067558
2533,1111.5002955480873
2534,470.751669188768
2535,872.3950315273379
2536,74.04790543959649
2537,432.8566124733592
2538,568.6195513383698
2539,48.00252424929789
2540,127.77007927139618
2541,197.61893042212165
2542,763.753291359617
2543,41.59102051676939
2544,84.58574218407352
2545,451.84521151069214
2546,-194.8035692744446
2547,814.1036005676837
2548,706.5669597379782
2549,880.1577532546895
2550,1268.3514015200349
2551,343.7434534231862
2552,671.7367609975319
2553,1571.680428825296
2554,611.0665368974663
2555,1050.092164148487
2556,961.6105331283273
2557,627.4529851166576
2558,414.3519566940023
2559,929.4246531741863
2560,460.2095022609907
2561,859.5113973384342
2562,455.86407731995325
2563,213.6603486561953
2564,64.58887425957414
2565,1527.2933820171165
2566,1391.4221258236448
2567,-153.23246295237504
2568,422.17016549960124
2569,298.6597846343567
2570,-560.7569655659386
2571,1508.0858335515522
2572,73.69481115762028
2573,-202.20760036504822
2574,1226.4168521183406
2575,295.7443277728777
2576,392.48935835222414
2577,952.1340213030866
2578,-328.2503368151584
2579,7.868914367885509
2580,388.1657851397175
2581,350.6644392575547
2582,120.61903334787092
2583,322.06044825411743
2584,-539.3555528182665
2585,766.0887010889436
2586,1504.0742540824258
2587,1406.282233024339
2588,602.1199896909548
2589,1071.501472638036
2590,1127.4549212147317
2591,-148.86719070397623
2592,535.8791922501908
2593,655.8705844278172
2594,399.6662594271344
2595,639.8490142287507
2596,-27.284087443399642
2597,1035.363655876607
2598,477.03194684440257
2599,206.33027991029996
2600,1449.2124949393183
2601,102.37002080513605
2602,36.49280335473827
2603,633.0234944134762
2604,1367.6674074890652
2605,1556.9113340899453
2606,588.392501708685
2607,259.4715311263443
2608,503.3120252947067
2609,996.937805310443
2610,60.73609536530398
2611,1025.0122439005813
2612,722.5817049192557
2613,1191.1589401718857
2614,392.56445488754264
2615,1023.6794538796772
2616,212.414364346478
2617,841.9028698504227
2618,317.8037359846402
2619,806.1780260142938
2620,508.529863391528
2621,315.15124244146784
2622,935.0041747575586
2623,428.32817220472396
2624,958.4273619040774
2625,730.5284216170968
2626,-174.46300619646536
2627,1313.9746193314804
2628,288.13866666141996
2629,814.528876768458
2630,730.8982345595051
2631,621.7230154906514
2632,230.8806546131102
2633,176.93605978706734
2634,806.6936849410432
2635,987.379508549977
2636,1021.2168602741607
2637,883.9133430274304
2638,585.4186817206607
2639,445.75000088015224
2640,852.54831495253
2641,474.4291578438323
2642,312.8859592509931
2643,1607.9774598211648
2644,654.2006372708764
2645,345.7941659389254
2646,1335.1010084371624
2647,-58.45555826917479
2648,93.79273367182572
2649,-288.6639575617319
2650,559.4837406947505
2651,935.7308213237585
2652,864.5628248389354
2653,428.0465737150738
2654,354.95989074440115
2655,361.1077361250083
2656,907.6511081245616
2657,1026.1610641308007
2658,922.2336432326982
2659,316.3627797160576
2660,57.08866619694339
2661,544.0544029716643
2662,-380.6437185958147
2663,114.0607361191519
2664,1028.8559252501768
2665,737.6999323091492
2666,753.8138997943141
2667,-191.58553299161417
2668,-103.71727822333258
2669,206.35452129075873
2670,459.8398964769141
2671,481.89029465421015
2672,905.1777542762999
2673,564.2542576091099
2674,544.9798647989581
2675,549.9425560899257
2676,634.8556905911821
2677,1515.086264545232
2678,1219.6530483888537
2679,-288.8699102484779
2680,943.4311030378445
2681,756.2533857635461
2682,318.76227446483495
2683,-587.9696137562871
2684,719.7102165139078
2685,919.7219804011444
2686,485.75663366549645
2687,22.456578370386694
2688,557.9700671719264
2689,1056.027866409956
2690,260.1179871468655
2691,82.3766834807331
2692,925.4518356385462
2693,1485.8063552610797
2694,701.0870636977731
2695,1030.4479945703474
2696,345.3054911451452
2697,821.3913483827338
2698,1059.8548229218063
2699,573.5578597970331
2700,605.527307760618
2701,1595.4198187223851
2702,493.06717865884093
2703,795.4213643333804
2704,843.722780828382
2705,1466.0646907881246
2706,914.3613798209041
2707,918.2051382896472
2708,1146.4113212592642
2709,616.7050613611593
2710,216.0965530013474
2711,441.58451601818194
2712,120.36497620020288
2713,522.6251676375575
2714,-707.4050986935185
2715,753.3713670147962
2716,698.5153052368204
2717,610.7151763001799
2718,781.435288315101
2719,1308.5555747606081
2720,919.5989141819867
2721,360.74645299506653
2722,633.9778595460978
2723,993.8380109363549
2724,1214.5513326417076
2725,916.5264835758713
2726,1208.1679692463795
2727,194.97151694989202
2728,750.6730607593692
2729,-5.907409820173825
2730,423.92114255434456
2731,58.26296512301934
2732,1102.8177799184077
2733,301.56352826371494
2734,32.10541480836093
2735,-50.01656020518317
2736,2.236115078297587
2737,-186.56507040203832
2738,529.1028329283209
2739,246.80532926297508
2740,422.91809779076334
2741,-15.779585812573202
2742,194.04956107105852
2743,-399.45860083625087
2744,575.3197284151581
2745,481.4712369511676
2746,1212.8164976755365
2747,975.8937432550616
2748,313.3274595921424
2749,1065.132359936786
2750,844.2611607460177
2751,1067.9033432140732
2752,-551.4792062645136
2753,658.9420074331957
2754,674.0881378998174
2755,849.8209768151647
2756,458.70670925036427
2757,669.2305133082175
2758,913.6946887418982
2759,-173.70555104557735
